<metadata xml:lang="en"><Esri><CreaDate>20150902</CreaDate><CreaTime>16175900</CreaTime><ArcGISFormat>1.0</ArcGISFormat><ArcGISstyle>North American Profile of ISO19115 2003</ArcGISstyle><SyncOnce>FALSE</SyncOnce><DataProperties><lineage><Process Name="Create Feature Class (3)" ToolSource="c:\program files (x86)\arcgis\desktop10.1\ArcToolbox\Toolboxes\Data Management Tools.tbx\CreateFeatureclass" Date="20150629" Time="141237">CreateFeatureclass \\os.uga.edu\onu-ocha\working\Process_Files\CODServices\CreateTemplateGDB\XXX_AdminBoundaries_working.gdb\Data_Layers Admin2 POLYGON # DISABLED DISABLED # # 0 0 0</Process><Process Name="Add Field (7)" ToolSource="c:\program files (x86)\arcgis\desktop10.1\ArcToolbox\Toolboxes\Data Management Tools.tbx\AddField" Date="20150629" Time="141238">AddField \\os.uga.edu\onu-ocha\working\Process_Files\CODServices\CreateTemplateGDB\XXX_AdminBoundaries_working.gdb\Data_Layers\Admin2 admin2Name_en TEXT # # 50 # NULLABLE NON_REQUIRED #</Process><Process Name="Add Field (7)" ToolSource="c:\program files (x86)\arcgis\desktop10.1\ArcToolbox\Toolboxes\Data Management Tools.tbx\AddField" Date="20150629" Time="141239">AddField \\os.uga.edu\onu-ocha\working\Process_Files\CODServices\CreateTemplateGDB\XXX_AdminBoundaries_working.gdb\Data_Layers\Admin2 admin2Name_fr TEXT # # 50 # NULLABLE NON_REQUIRED #</Process><Process Name="Add Field (7)" ToolSource="c:\program files (x86)\arcgis\desktop10.1\ArcToolbox\Toolboxes\Data Management Tools.tbx\AddField" Date="20150629" Time="141240">AddField \\os.uga.edu\onu-ocha\working\Process_Files\CODServices\CreateTemplateGDB\XXX_AdminBoundaries_working.gdb\Data_Layers\Admin2 admin2Name_ar TEXT # # 50 # NULLABLE NON_REQUIRED #</Process><Process Name="Add Field (7)" ToolSource="c:\program files (x86)\arcgis\desktop10.1\ArcToolbox\Toolboxes\Data Management Tools.tbx\AddField" Date="20150629" Time="141241">AddField \\os.uga.edu\onu-ocha\working\Process_Files\CODServices\CreateTemplateGDB\XXX_AdminBoundaries_working.gdb\Data_Layers\Admin2 admin2Name_es TEXT # # 50 # NULLABLE NON_REQUIRED #</Process><Process Name="Add Field (7)" ToolSource="c:\program files (x86)\arcgis\desktop10.1\ArcToolbox\Toolboxes\Data Management Tools.tbx\AddField" Date="20150629" Time="141242">AddField \\os.uga.edu\onu-ocha\working\Process_Files\CODServices\CreateTemplateGDB\XXX_AdminBoundaries_working.gdb\Data_Layers\Admin2 admin2Pcode TEXT # # 50 # NULLABLE NON_REQUIRED #</Process><Process Name="Add Field (7)" ToolSource="c:\program files (x86)\arcgis\desktop10.1\ArcToolbox\Toolboxes\Data Management Tools.tbx\AddField" Date="20150629" Time="141243">AddField \\os.uga.edu\onu-ocha\working\Process_Files\CODServices\CreateTemplateGDB\XXX_AdminBoundaries_working.gdb\Data_Layers\Admin2 admin2RefName TEXT # # 50 # NULLABLE NON_REQUIRED #</Process><Process Name="Add Field (7)" ToolSource="c:\program files (x86)\arcgis\desktop10.1\ArcToolbox\Toolboxes\Data Management Tools.tbx\AddField" Date="20150629" Time="141244">AddField \\os.uga.edu\onu-ocha\working\Process_Files\CODServices\CreateTemplateGDB\XXX_AdminBoundaries_working.gdb\Data_Layers\Admin2 admin2AltName1_en TEXT # # 50 # NULLABLE NON_REQUIRED #</Process><Process Name="Add Field (7)" ToolSource="c:\program files (x86)\arcgis\desktop10.1\ArcToolbox\Toolboxes\Data Management Tools.tbx\AddField" Date="20150629" Time="141245">AddField \\os.uga.edu\onu-ocha\working\Process_Files\CODServices\CreateTemplateGDB\XXX_AdminBoundaries_working.gdb\Data_Layers\Admin2 admin2AltName2_en TEXT # # 50 # NULLABLE NON_REQUIRED #</Process><Process Name="Add Field (7)" ToolSource="c:\program files (x86)\arcgis\desktop10.1\ArcToolbox\Toolboxes\Data Management Tools.tbx\AddField" Date="20150629" Time="141246">AddField \\os.uga.edu\onu-ocha\working\Process_Files\CODServices\CreateTemplateGDB\XXX_AdminBoundaries_working.gdb\Data_Layers\Admin2 admin2AltName1_fr TEXT # # 50 # NULLABLE NON_REQUIRED #</Process><Process Name="Add Field (7)" ToolSource="c:\program files (x86)\arcgis\desktop10.1\ArcToolbox\Toolboxes\Data Management Tools.tbx\AddField" Date="20150629" Time="141247">AddField \\os.uga.edu\onu-ocha\working\Process_Files\CODServices\CreateTemplateGDB\XXX_AdminBoundaries_working.gdb\Data_Layers\Admin2 admin2AltName2_fr TEXT # # 50 # NULLABLE NON_REQUIRED #</Process><Process Name="Add Field (7)" ToolSource="c:\program files (x86)\arcgis\desktop10.1\ArcToolbox\Toolboxes\Data Management Tools.tbx\AddField" Date="20150629" Time="141248">AddField \\os.uga.edu\onu-ocha\working\Process_Files\CODServices\CreateTemplateGDB\XXX_AdminBoundaries_working.gdb\Data_Layers\Admin2 admin2AltName1_ar TEXT # # 50 # NULLABLE NON_REQUIRED #</Process><Process Name="Add Field (7)" ToolSource="c:\program files (x86)\arcgis\desktop10.1\ArcToolbox\Toolboxes\Data Management Tools.tbx\AddField" Date="20150629" Time="141248">AddField \\os.uga.edu\onu-ocha\working\Process_Files\CODServices\CreateTemplateGDB\XXX_AdminBoundaries_working.gdb\Data_Layers\Admin2 admin2AltName2_ar TEXT # # 50 # NULLABLE NON_REQUIRED #</Process><Process Name="Add Field (7)" ToolSource="c:\program files (x86)\arcgis\desktop10.1\ArcToolbox\Toolboxes\Data Management Tools.tbx\AddField" Date="20150629" Time="141249">AddField \\os.uga.edu\onu-ocha\working\Process_Files\CODServices\CreateTemplateGDB\XXX_AdminBoundaries_working.gdb\Data_Layers\Admin2 admin2AltName1_es TEXT # # 50 # NULLABLE NON_REQUIRED #</Process><Process Name="Add Field (7)" ToolSource="c:\program files (x86)\arcgis\desktop10.1\ArcToolbox\Toolboxes\Data Management Tools.tbx\AddField" Date="20150629" Time="141250">AddField \\os.uga.edu\onu-ocha\working\Process_Files\CODServices\CreateTemplateGDB\XXX_AdminBoundaries_working.gdb\Data_Layers\Admin2 admin2AltName2_es TEXT # # 50 # NULLABLE NON_REQUIRED #</Process><Process Name="Add Field (7)" ToolSource="c:\program files (x86)\arcgis\desktop10.1\ArcToolbox\Toolboxes\Data Management Tools.tbx\AddField" Date="20150629" Time="141251">AddField \\os.uga.edu\onu-ocha\working\Process_Files\CODServices\CreateTemplateGDB\XXX_AdminBoundaries_working.gdb\Data_Layers\Admin2 admin1Name_en TEXT # # 50 # NULLABLE NON_REQUIRED #</Process><Process Name="Add Field (7)" ToolSource="c:\program files (x86)\arcgis\desktop10.1\ArcToolbox\Toolboxes\Data Management Tools.tbx\AddField" Date="20150629" Time="141252">AddField \\os.uga.edu\onu-ocha\working\Process_Files\CODServices\CreateTemplateGDB\XXX_AdminBoundaries_working.gdb\Data_Layers\Admin2 admin1Name_fr TEXT # # 50 # NULLABLE NON_REQUIRED #</Process><Process Name="Add Field (7)" ToolSource="c:\program files (x86)\arcgis\desktop10.1\ArcToolbox\Toolboxes\Data Management Tools.tbx\AddField" Date="20150629" Time="141253">AddField \\os.uga.edu\onu-ocha\working\Process_Files\CODServices\CreateTemplateGDB\XXX_AdminBoundaries_working.gdb\Data_Layers\Admin2 admin1Name_ar TEXT # # 50 # NULLABLE NON_REQUIRED #</Process><Process Name="Add Field (7)" ToolSource="c:\program files (x86)\arcgis\desktop10.1\ArcToolbox\Toolboxes\Data Management Tools.tbx\AddField" Date="20150629" Time="141254">AddField \\os.uga.edu\onu-ocha\working\Process_Files\CODServices\CreateTemplateGDB\XXX_AdminBoundaries_working.gdb\Data_Layers\Admin2 admin1Name_es TEXT # # 50 # NULLABLE NON_REQUIRED #</Process><Process Name="Add Field (7)" ToolSource="c:\program files (x86)\arcgis\desktop10.1\ArcToolbox\Toolboxes\Data Management Tools.tbx\AddField" Date="20150629" Time="141255">AddField \\os.uga.edu\onu-ocha\working\Process_Files\CODServices\CreateTemplateGDB\XXX_AdminBoundaries_working.gdb\Data_Layers\Admin2 admin1Pcode TEXT # # 50 # NULLABLE NON_REQUIRED #</Process><Process Name="Add Field (7)" ToolSource="c:\program files (x86)\arcgis\desktop10.1\ArcToolbox\Toolboxes\Data Management Tools.tbx\AddField" Date="20150629" Time="141255">AddField \\os.uga.edu\onu-ocha\working\Process_Files\CODServices\CreateTemplateGDB\XXX_AdminBoundaries_working.gdb\Data_Layers\Admin2 admin0Name_en TEXT # # 50 # NULLABLE NON_REQUIRED #</Process><Process Name="Add Field (7)" ToolSource="c:\program files (x86)\arcgis\desktop10.1\ArcToolbox\Toolboxes\Data Management Tools.tbx\AddField" Date="20150629" Time="141256">AddField \\os.uga.edu\onu-ocha\working\Process_Files\CODServices\CreateTemplateGDB\XXX_AdminBoundaries_working.gdb\Data_Layers\Admin2 admin0Name_fr TEXT # # 50 # NULLABLE NON_REQUIRED #</Process><Process Name="Add Field (7)" ToolSource="c:\program files (x86)\arcgis\desktop10.1\ArcToolbox\Toolboxes\Data Management Tools.tbx\AddField" Date="20150629" Time="141257">AddField \\os.uga.edu\onu-ocha\working\Process_Files\CODServices\CreateTemplateGDB\XXX_AdminBoundaries_working.gdb\Data_Layers\Admin2 admin0Name_ar TEXT # # 50 # NULLABLE NON_REQUIRED #</Process><Process Name="Add Field (7)" ToolSource="c:\program files (x86)\arcgis\desktop10.1\ArcToolbox\Toolboxes\Data Management Tools.tbx\AddField" Date="20150629" Time="141258">AddField \\os.uga.edu\onu-ocha\working\Process_Files\CODServices\CreateTemplateGDB\XXX_AdminBoundaries_working.gdb\Data_Layers\Admin2 admin0Name_es TEXT # # 50 # NULLABLE NON_REQUIRED #</Process><Process Name="Add Field (7)" ToolSource="c:\program files (x86)\arcgis\desktop10.1\ArcToolbox\Toolboxes\Data Management Tools.tbx\AddField" Date="20150629" Time="141259">AddField \\os.uga.edu\onu-ocha\working\Process_Files\CODServices\CreateTemplateGDB\XXX_AdminBoundaries_working.gdb\Data_Layers\Admin2 admin0Pcode TEXT # # 50 # NULLABLE NON_REQUIRED #</Process><Process Name="Add Field (9)" ToolSource="c:\program files (x86)\arcgis\desktop10.1\ArcToolbox\Toolboxes\Data Management Tools.tbx\AddField" Date="20150629" Time="141300">AddField \\os.uga.edu\onu-ocha\working\Process_Files\CODServices\CreateTemplateGDB\XXX_AdminBoundaries_working.gdb\Data_Layers\Admin2 date DATE # # # # NULLABLE NON_REQUIRED #</Process><Process Name="Add Field (9)" ToolSource="c:\program files (x86)\arcgis\desktop10.1\ArcToolbox\Toolboxes\Data Management Tools.tbx\AddField" Date="20150629" Time="141301">AddField \\os.uga.edu\onu-ocha\working\Process_Files\CODServices\CreateTemplateGDB\XXX_AdminBoundaries_working.gdb\Data_Layers\Admin2 validOn DATE # # # # NULLABLE NON_REQUIRED #</Process><Process Name="Add Field (9)" ToolSource="c:\program files (x86)\arcgis\desktop10.1\ArcToolbox\Toolboxes\Data Management Tools.tbx\AddField" Date="20150629" Time="141302">AddField \\os.uga.edu\onu-ocha\working\Process_Files\CODServices\CreateTemplateGDB\XXX_AdminBoundaries_working.gdb\Data_Layers\Admin2 ValidTo DATE # # # # NULLABLE NON_REQUIRED #</Process><Process ToolSource="c:\program files (x86)\arcgis\desktop10.1\ArcToolbox\Toolboxes\Data Management Tools.tbx\Merge" Date="20150902" Time="163150">Merge K:\working\Process_Files\CODServices\COD_YEM\Data_Cleanup\YEM_AdminBoundaries_working.gdb\Data_Layers\Admin2;K:\working\Process_Files\CODServices\COD_YEM\Data_Cleanup\YEM_AdminBoundaries_working.gdb\Data_Layers\Admin_Union_2 K:\working\Process_Files\CODServices\COD_YEM\Data_Cleanup\YEM_AdminBoundaries_working.gdb\Data_Layers\Admin2_new "admin2Name_en "admin2Name_en" true true false 50 Text 0 0 ,First,#,K:\working\Process_Files\CODServices\COD_YEM\Data_Cleanup\YEM_AdminBoundaries_working.gdb\Data_Layers\Admin2,admin2Name_en,-1,-1,K:\working\Process_Files\CODServices\COD_YEM\Data_Cleanup\YEM_AdminBoundaries_working.gdb\Data_Layers\Admin_Union_2,admin2Name_en,-1,-1;admin2Name_fr "admin2Name_fr" true true false 50 Text 0 0 ,First,#,K:\working\Process_Files\CODServices\COD_YEM\Data_Cleanup\YEM_AdminBoundaries_working.gdb\Data_Layers\Admin2,admin2Name_fr,-1,-1;admin2Name_ar "admin2Name_ar" true true false 50 Text 0 0 ,First,#,K:\working\Process_Files\CODServices\COD_YEM\Data_Cleanup\YEM_AdminBoundaries_working.gdb\Data_Layers\Admin2,admin2Name_ar,-1,-1,K:\working\Process_Files\CODServices\COD_YEM\Data_Cleanup\YEM_AdminBoundaries_working.gdb\Data_Layers\Admin_Union_2,admin2Name_ar,-1,-1;admin2Name_es "admin2Name_es" true true false 50 Text 0 0 ,First,#,K:\working\Process_Files\CODServices\COD_YEM\Data_Cleanup\YEM_AdminBoundaries_working.gdb\Data_Layers\Admin2,admin2Name_es,-1,-1;admin2Pcode "admin2Pcode" true true false 50 Text 0 0 ,First,#,K:\working\Process_Files\CODServices\COD_YEM\Data_Cleanup\YEM_AdminBoundaries_working.gdb\Data_Layers\Admin2,admin2Pcode,-1,-1,K:\working\Process_Files\CODServices\COD_YEM\Data_Cleanup\YEM_AdminBoundaries_working.gdb\Data_Layers\Admin_Union_2,admin2Pcode,-1,-1;admin2RefName "admin2RefName" true true false 50 Text 0 0 ,First,#,K:\working\Process_Files\CODServices\COD_YEM\Data_Cleanup\YEM_AdminBoundaries_working.gdb\Data_Layers\Admin2,admin2RefName,-1,-1,K:\working\Process_Files\CODServices\COD_YEM\Data_Cleanup\YEM_AdminBoundaries_working.gdb\Data_Layers\Admin_Union_2,admin2RefName,-1,-1;admin2AltName1_en "admin2AltName1_en" true true false 50 Text 0 0 ,First,#,K:\working\Process_Files\CODServices\COD_YEM\Data_Cleanup\YEM_AdminBoundaries_working.gdb\Data_Layers\Admin2,admin2AltName1_en,-1,-1,K:\working\Process_Files\CODServices\COD_YEM\Data_Cleanup\YEM_AdminBoundaries_working.gdb\Data_Layers\Admin_Union_2,admin2AltName1_en,-1,-1;admin2AltName2_en "admin2AltName2_en" true true false 50 Text 0 0 ,First,#,K:\working\Process_Files\CODServices\COD_YEM\Data_Cleanup\YEM_AdminBoundaries_working.gdb\Data_Layers\Admin2,admin2AltName2_en,-1,-1,K:\working\Process_Files\CODServices\COD_YEM\Data_Cleanup\YEM_AdminBoundaries_working.gdb\Data_Layers\Admin_Union_2,admin2AltName2_en,-1,-1;admin2AltName1_fr "admin2AltName1_fr" true true false 50 Text 0 0 ,First,#,K:\working\Process_Files\CODServices\COD_YEM\Data_Cleanup\YEM_AdminBoundaries_working.gdb\Data_Layers\Admin2,admin2AltName1_fr,-1,-1;admin2AltName2_fr "admin2AltName2_fr" true true false 50 Text 0 0 ,First,#,K:\working\Process_Files\CODServices\COD_YEM\Data_Cleanup\YEM_AdminBoundaries_working.gdb\Data_Layers\Admin2,admin2AltName2_fr,-1,-1;admin2AltName1_ar "admin2AltName1_ar" true true false 50 Text 0 0 ,First,#,K:\working\Process_Files\CODServices\COD_YEM\Data_Cleanup\YEM_AdminBoundaries_working.gdb\Data_Layers\Admin2,admin2AltName1_ar,-1,-1,K:\working\Process_Files\CODServices\COD_YEM\Data_Cleanup\YEM_AdminBoundaries_working.gdb\Data_Layers\Admin_Union_2,admin2AltName1_ar,-1,-1;admin2AltName2_ar "admin2AltName2_ar" true true false 50 Text 0 0 ,First,#,K:\working\Process_Files\CODServices\COD_YEM\Data_Cleanup\YEM_AdminBoundaries_working.gdb\Data_Layers\Admin2,admin2AltName2_ar,-1,-1,K:\working\Process_Files\CODServices\COD_YEM\Data_Cleanup\YEM_AdminBoundaries_working.gdb\Data_Layers\Admin_Union_2,admin2AltName2_ar,-1,-1;admin2AltName1_es "admin2AltName1_es" true true false 50 Text 0 0 ,First,#,K:\working\Process_Files\CODServices\COD_YEM\Data_Cleanup\YEM_AdminBoundaries_working.gdb\Data_Layers\Admin2,admin2AltName1_es,-1,-1;admin2AltName2_es "admin2AltName2_es" true true false 50 Text 0 0 ,First,#,K:\working\Process_Files\CODServices\COD_YEM\Data_Cleanup\YEM_AdminBoundaries_working.gdb\Data_Layers\Admin2,admin2AltName2_es,-1,-1;admin1Name_en "admin1Name_en" true true false 50 Text 0 0 ,First,#,K:\working\Process_Files\CODServices\COD_YEM\Data_Cleanup\YEM_AdminBoundaries_working.gdb\Data_Layers\Admin2,admin1Name_en,-1,-1,K:\working\Process_Files\CODServices\COD_YEM\Data_Cleanup\YEM_AdminBoundaries_working.gdb\Data_Layers\Admin_Union_2,admin1Name_en,-1,-1;admin1Name_fr "admin1Name_fr" true true false 50 Text 0 0 ,First,#,K:\working\Process_Files\CODServices\COD_YEM\Data_Cleanup\YEM_AdminBoundaries_working.gdb\Data_Layers\Admin2,admin1Name_fr,-1,-1;admin1Name_ar "admin1Name_ar" true true false 50 Text 0 0 ,First,#,K:\working\Process_Files\CODServices\COD_YEM\Data_Cleanup\YEM_AdminBoundaries_working.gdb\Data_Layers\Admin2,admin1Name_ar,-1,-1,K:\working\Process_Files\CODServices\COD_YEM\Data_Cleanup\YEM_AdminBoundaries_working.gdb\Data_Layers\Admin_Union_2,admin1Name_ar,-1,-1;admin1Name_es "admin1Name_es" true true false 50 Text 0 0 ,First,#,K:\working\Process_Files\CODServices\COD_YEM\Data_Cleanup\YEM_AdminBoundaries_working.gdb\Data_Layers\Admin2,admin1Name_es,-1,-1;admin1Pcode "admin1Pcode" true true false 50 Text 0 0 ,First,#,K:\working\Process_Files\CODServices\COD_YEM\Data_Cleanup\YEM_AdminBoundaries_working.gdb\Data_Layers\Admin2,admin1Pcode,-1,-1,K:\working\Process_Files\CODServices\COD_YEM\Data_Cleanup\YEM_AdminBoundaries_working.gdb\Data_Layers\Admin_Union_2,admin1Pcode,-1,-1;admin0Name_en "admin0Name_en" true true false 50 Text 0 0 ,First,#,K:\working\Process_Files\CODServices\COD_YEM\Data_Cleanup\YEM_AdminBoundaries_working.gdb\Data_Layers\Admin2,admin0Name_en,-1,-1,K:\working\Process_Files\CODServices\COD_YEM\Data_Cleanup\YEM_AdminBoundaries_working.gdb\Data_Layers\Admin_Union_2,admin0Name_en,-1,-1;admin0Name_fr "admin0Name_fr" true true false 50 Text 0 0 ,First,#,K:\working\Process_Files\CODServices\COD_YEM\Data_Cleanup\YEM_AdminBoundaries_working.gdb\Data_Layers\Admin2,admin0Name_fr,-1,-1;admin0Name_ar "admin0Name_ar" true true false 50 Text 0 0 ,First,#,K:\working\Process_Files\CODServices\COD_YEM\Data_Cleanup\YEM_AdminBoundaries_working.gdb\Data_Layers\Admin2,admin0Name_ar,-1,-1,K:\working\Process_Files\CODServices\COD_YEM\Data_Cleanup\YEM_AdminBoundaries_working.gdb\Data_Layers\Admin_Union_2,admin0Name_ar,-1,-1;admin0Name_es "admin0Name_es" true true false 50 Text 0 0 ,First,#,K:\working\Process_Files\CODServices\COD_YEM\Data_Cleanup\YEM_AdminBoundaries_working.gdb\Data_Layers\Admin2,admin0Name_es,-1,-1;admin0Pcode "admin0Pcode" true true false 50 Text 0 0 ,First,#,K:\working\Process_Files\CODServices\COD_YEM\Data_Cleanup\YEM_AdminBoundaries_working.gdb\Data_Layers\Admin2,admin0Pcode,-1,-1,K:\working\Process_Files\CODServices\COD_YEM\Data_Cleanup\YEM_AdminBoundaries_working.gdb\Data_Layers\Admin_Union_2,admin0Pcode,-1,-1;date "date" true true false 8 Date 0 0 ,First,#,K:\working\Process_Files\CODServices\COD_YEM\Data_Cleanup\YEM_AdminBoundaries_working.gdb\Data_Layers\Admin2,date,-1,-1,K:\working\Process_Files\CODServices\COD_YEM\Data_Cleanup\YEM_AdminBoundaries_working.gdb\Data_Layers\Admin_Union_2,date,-1,-1;validOn "validOn" true true false 8 Date 0 0 ,First,#,K:\working\Process_Files\CODServices\COD_YEM\Data_Cleanup\YEM_AdminBoundaries_working.gdb\Data_Layers\Admin2,validOn,-1,-1,K:\working\Process_Files\CODServices\COD_YEM\Data_Cleanup\YEM_AdminBoundaries_working.gdb\Data_Layers\Admin_Union_2,validOn,-1,-1;ValidTo "ValidTo" true true false 8 Date 0 0 ,First,#,K:\working\Process_Files\CODServices\COD_YEM\Data_Cleanup\YEM_AdminBoundaries_working.gdb\Data_Layers\Admin2,ValidTo,-1,-1,K:\working\Process_Files\CODServices\COD_YEM\Data_Cleanup\YEM_AdminBoundaries_working.gdb\Data_Layers\Admin_Union_2,ValidTo,-1,-1;Shape_Length "Shape_Length" false true true 8 Double 0 0 ,First,#,K:\working\Process_Files\CODServices\COD_YEM\Data_Cleanup\YEM_AdminBoundaries_working.gdb\Data_Layers\Admin2,Shape_Length,-1,-1,K:\working\Process_Files\CODServices\COD_YEM\Data_Cleanup\YEM_AdminBoundaries_working.gdb\Data_Layers\Admin_Union_2,Shape_Length,-1,-1;Shape_Area "Shape_Area" false true true 8 Double 0 0 ,First,#,K:\working\Process_Files\CODServices\COD_YEM\Data_Cleanup\YEM_AdminBoundaries_working.gdb\Data_Layers\Admin2,Shape_Area,-1,-1,K:\working\Process_Files\CODServices\COD_YEM\Data_Cleanup\YEM_AdminBoundaries_working.gdb\Data_Layers\Admin_Union_2,Shape_Area,-1,-1;Dist_Id "Dist_Id" true true false 2 Short 0 0 ,First,#,K:\working\Process_Files\CODServices\COD_YEM\Data_Cleanup\YEM_AdminBoundaries_working.gdb\Data_Layers\Admin_Union_2,Dist_Id,-1,-1;DistID_Old "DistID_Old" true true false 2 Short 0 0 ,First,#,K:\working\Process_Files\CODServices\COD_YEM\Data_Cleanup\YEM_AdminBoundaries_working.gdb\Data_Layers\Admin_Union_2,DistID_Old,-1,-1;Gov_Id "Gov_Id" true true false 2 Short 0 0 ,First,#,K:\working\Process_Files\CODServices\COD_YEM\Data_Cleanup\YEM_AdminBoundaries_working.gdb\Data_Layers\Admin_Union_2,Gov_Id,-1,-1;DistNameEn "DistNameEn" true true false 254 Text 0 0 ,First,#,K:\working\Process_Files\CODServices\COD_YEM\Data_Cleanup\YEM_AdminBoundaries_working.gdb\Data_Layers\Admin_Union_2,DistNameEn,-1,-1;DistNameAr "DistNameAr" true true false 254 Text 0 0 ,First,#,K:\working\Process_Files\CODServices\COD_YEM\Data_Cleanup\YEM_AdminBoundaries_working.gdb\Data_Layers\Admin_Union_2,DistNameAr,-1,-1;HRname "HRname" true true false 50 Text 0 0 ,First,#,K:\working\Process_Files\CODServices\COD_YEM\Data_Cleanup\YEM_AdminBoundaries_working.gdb\Data_Layers\Admin_Union_2,HRname,-1,-1;HRPcode "HRPcode" true true false 6 Text 0 0 ,First,#,K:\working\Process_Files\CODServices\COD_YEM\Data_Cleanup\YEM_AdminBoundaries_working.gdb\Data_Layers\Admin_Union_2,HRPcode,-1,-1;HRParent "HRParent" true true false 4 Text 0 0 ,First,#,K:\working\Process_Files\CODServices\COD_YEM\Data_Cleanup\YEM_AdminBoundaries_working.gdb\Data_Layers\Admin_Union_2,HRParent,-1,-1;GovNameEn "GovNameEn" true true false 254 Text 0 0 ,First,#,K:\working\Process_Files\CODServices\COD_YEM\Data_Cleanup\YEM_AdminBoundaries_working.gdb\Data_Layers\Admin_Union_2,GovNameEn,-1,-1;GovNameAr "GovNameAr" true true false 254 Text 0 0 ,First,#,K:\working\Process_Files\CODServices\COD_YEM\Data_Cleanup\YEM_AdminBoundaries_working.gdb\Data_Layers\Admin_Union_2,GovNameAr,-1,-1;Sec_Region "Sec_Region" true true false 50 Text 0 0 ,First,#,K:\working\Process_Files\CODServices\COD_YEM\Data_Cleanup\YEM_AdminBoundaries_working.gdb\Data_Layers\Admin_Union_2,Sec_Region,-1,-1;Hum_Region "Hum_Region" true true false 50 Text 0 0 ,First,#,K:\working\Process_Files\CODServices\COD_YEM\Data_Cleanup\YEM_AdminBoundaries_working.gdb\Data_Layers\Admin_Union_2,Hum_Region,-1,-1"</Process></lineage><itemProps><itemLocation><linkage Sync="TRUE">file://\\ROBERT_PC\Users\Robert\Documents\OCHA-ITOS\Country\YMN\ITOS_Pre_candiadate\Admin2.shp</linkage><protocol Sync="TRUE">Local Area Network</protocol></itemLocation><itemName Sync="TRUE">Admin2</itemName><imsContentType Sync="TRUE">002</imsContentType><itemSize Sync="TRUE">0.000</itemSize></itemProps><coordRef><type Sync="TRUE">Geographic</type><geogcsn Sync="TRUE">GCS_WGS_1984</geogcsn><csUnits Sync="TRUE">Angular Unit: Degree (0.017453)</csUnits><peXml Sync="TRUE">&lt;GeographicCoordinateSystem xsi:type='typens:GeographicCoordinateSystem' xmlns:xsi='http://www.w3.org/2001/XMLSchema-instance' xmlns:xs='http://www.w3.org/2001/XMLSchema' xmlns:typens='http://www.esri.com/schemas/ArcGIS/10.1'&gt;&lt;WKT&gt;GEOGCS[&amp;quot;GCS_WGS_1984&amp;quot;,DATUM[&amp;quot;D_WGS_1984&amp;quot;,SPHEROID[&amp;quot;WGS_1984&amp;quot;,6378137.0,298.257223563]],PRIMEM[&amp;quot;Greenwich&amp;quot;,0.0],UNIT[&amp;quot;Degree&amp;quot;,0.0174532925199433],AUTHORITY[&amp;quot;EPSG&amp;quot;,4326]]&lt;/WKT&gt;&lt;XOrigin&gt;-400&lt;/XOrigin&gt;&lt;YOrigin&gt;-400&lt;/YOrigin&gt;&lt;XYScale&gt;11258999068426.238&lt;/XYScale&gt;&lt;ZOrigin&gt;-100000&lt;/ZOrigin&gt;&lt;ZScale&gt;10000&lt;/ZScale&gt;&lt;MOrigin&gt;-100000&lt;/MOrigin&gt;&lt;MScale&gt;10000&lt;/MScale&gt;&lt;XYTolerance&gt;8.983152841195215e-009&lt;/XYTolerance&gt;&lt;ZTolerance&gt;0.001&lt;/ZTolerance&gt;&lt;MTolerance&gt;0.001&lt;/MTolerance&gt;&lt;HighPrecision&gt;true&lt;/HighPrecision&gt;&lt;LeftLongitude&gt;-180&lt;/LeftLongitude&gt;&lt;WKID&gt;4326&lt;/WKID&gt;&lt;LatestWKID&gt;4326&lt;/LatestWKID&gt;&lt;/GeographicCoordinateSystem&gt;</peXml></coordRef></DataProperties><SyncDate>20151116</SyncDate><SyncTime>10000200</SyncTime><ModDate>20151116</ModDate><ModTime>10000200</ModTime></Esri><dataIdInfo><envirDesc Sync="TRUE">Microsoft Windows 7 Version 6.1 (Build 7601) Service Pack 1; Esri ArcGIS 10.2.2.3552</envirDesc><dataLang><languageCode value="spa" Sync="TRUE"></languageCode><countryCode value="ESP" Sync="TRUE"></countryCode></dataLang><idCitation><resTitle Sync="TRUE">Admin2</resTitle><presForm><PresFormCd value="005" Sync="TRUE"></PresFormCd></presForm></idCitation><spatRpType><SpatRepTypCd value="001" Sync="TRUE"></SpatRepTypCd></spatRpType></dataIdInfo><mdLang><languageCode value="spa" Sync="TRUE"></languageCode><countryCode value="ESP" Sync="TRUE"></countryCode></mdLang><distInfo><distFormat><formatName Sync="TRUE">Shapefile</formatName></distFormat><distTranOps><transSize Sync="TRUE">0.000</transSize></distTranOps></distInfo><mdHrLv><ScopeCd value="005" Sync="TRUE"></ScopeCd></mdHrLv><mdHrLvName Sync="TRUE">dataset</mdHrLvName><refSysInfo><RefSystem><refSysID><identCode code="4326" Sync="TRUE"></identCode><idCodeSpace Sync="TRUE">EPSG</idCodeSpace><idVersion Sync="TRUE">8.2.6</idVersion></refSysID></RefSystem></refSysInfo><spatRepInfo><VectSpatRep><geometObjs Name="Admin2"><geoObjTyp><GeoObjTypCd value="002" Sync="TRUE"></GeoObjTypCd></geoObjTyp><geoObjCnt Sync="TRUE">0</geoObjCnt></geometObjs><topLvl><TopoLevCd value="001" Sync="TRUE"></TopoLevCd></topLvl></VectSpatRep></spatRepInfo><spdoinfo><ptvctinf><esriterm Name="Admin2"><efeatyp Sync="TRUE">Simple</efeatyp><efeageom code="4" Sync="TRUE"></efeageom><esritopo Sync="TRUE">FALSE</esritopo><efeacnt Sync="TRUE">0</efeacnt><spindex Sync="TRUE">FALSE</spindex><linrefer Sync="TRUE">FALSE</linrefer></esriterm></ptvctinf></spdoinfo><eainfo><detailed Name="Admin2"><enttyp><enttypl Sync="TRUE">Admin2</enttypl><enttypt Sync="TRUE">Feature Class</enttypt><enttypc Sync="TRUE">0</enttypc></enttyp><attr><attrlabl Sync="TRUE">FID</attrlabl><attalias Sync="TRUE">FID</attalias><attrtype Sync="TRUE">OID</attrtype><attwidth Sync="TRUE">4</attwidth><atprecis Sync="TRUE">0</atprecis><attscale Sync="TRUE">0</attscale><attrdef Sync="TRUE">Internal feature number.</attrdef><attrdefs Sync="TRUE">Esri</attrdefs><attrdomv><udom Sync="TRUE">Sequential unique whole numbers that are automatically generated.</udom></attrdomv></attr><attr><attrlabl Sync="TRUE">Shape</attrlabl><attalias Sync="TRUE">Shape</attalias><attrtype Sync="TRUE">Geometry</attrtype><attwidth Sync="TRUE">0</attwidth><atprecis Sync="TRUE">0</atprecis><attscale Sync="TRUE">0</attscale><attrdef Sync="TRUE">Feature geometry.</attrdef><attrdefs Sync="TRUE">Esri</attrdefs><attrdomv><udom Sync="TRUE">Coordinates defining the features.</udom></attrdomv></attr><attr><attrlabl Sync="TRUE">admin2Name</attrlabl><attalias Sync="TRUE">admin2Name</attalias><attrtype Sync="TRUE">String</attrtype><attwidth Sync="TRUE">50</attwidth><atprecis Sync="TRUE">0</atprecis><attscale Sync="TRUE">0</attscale></attr><attr><attrlabl Sync="TRUE">admin2Na_1</attrlabl><attalias Sync="TRUE">admin2Na_1</attalias><attrtype Sync="TRUE">String</attrtype><attwidth Sync="TRUE">50</attwidth><atprecis Sync="TRUE">0</atprecis><attscale Sync="TRUE">0</attscale></attr><attr><attrlabl Sync="TRUE">admin2Pcod</attrlabl><attalias Sync="TRUE">admin2Pcod</attalias><attrtype Sync="TRUE">String</attrtype><attwidth Sync="TRUE">50</attwidth><atprecis Sync="TRUE">0</atprecis><attscale Sync="TRUE">0</attscale></attr><attr><attrlabl Sync="TRUE">admin2RefN</attrlabl><attalias Sync="TRUE">admin2RefN</attalias><attrtype Sync="TRUE">String</attrtype><attwidth Sync="TRUE">50</attwidth><atprecis Sync="TRUE">0</atprecis><attscale Sync="TRUE">0</attscale></attr><attr><attrlabl Sync="TRUE">admin2AltN</attrlabl><attalias Sync="TRUE">admin2AltN</attalias><attrtype Sync="TRUE">String</attrtype><attwidth Sync="TRUE">50</attwidth><atprecis Sync="TRUE">0</atprecis><attscale Sync="TRUE">0</attscale></attr><attr><attrlabl Sync="TRUE">admin2Al_1</attrlabl><attalias Sync="TRUE">admin2Al_1</attalias><attrtype Sync="TRUE">String</attrtype><attwidth Sync="TRUE">50</attwidth><atprecis Sync="TRUE">0</atprecis><attscale Sync="TRUE">0</attscale></attr><attr><attrlabl Sync="TRUE">admin2Al_2</attrlabl><attalias Sync="TRUE">admin2Al_2</attalias><attrtype Sync="TRUE">String</attrtype><attwidth Sync="TRUE">50</attwidth><atprecis Sync="TRUE">0</atprecis><attscale Sync="TRUE">0</attscale></attr><attr><attrlabl Sync="TRUE">admin2Al_3</attrlabl><attalias Sync="TRUE">admin2Al_3</attalias><attrtype Sync="TRUE">String</attrtype><attwidth Sync="TRUE">50</attwidth><atprecis Sync="TRUE">0</atprecis><attscale Sync="TRUE">0</attscale></attr><attr><attrlabl Sync="TRUE">admin1Name</attrlabl><attalias Sync="TRUE">admin1Name</attalias><attrtype Sync="TRUE">String</attrtype><attwidth Sync="TRUE">50</attwidth><atprecis Sync="TRUE">0</atprecis><attscale Sync="TRUE">0</attscale></attr><attr><attrlabl Sync="TRUE">admin1Na_1</attrlabl><attalias Sync="TRUE">admin1Na_1</attalias><attrtype Sync="TRUE">String</attrtype><attwidth Sync="TRUE">50</attwidth><atprecis Sync="TRUE">0</atprecis><attscale Sync="TRUE">0</attscale></attr><attr><attrlabl Sync="TRUE">admin1Pcod</attrlabl><attalias Sync="TRUE">admin1Pcod</attalias><attrtype Sync="TRUE">String</attrtype><attwidth Sync="TRUE">50</attwidth><atprecis Sync="TRUE">0</atprecis><attscale Sync="TRUE">0</attscale></attr><attr><attrlabl Sync="TRUE">admin0Name</attrlabl><attalias Sync="TRUE">admin0Name</attalias><attrtype Sync="TRUE">String</attrtype><attwidth Sync="TRUE">50</attwidth><atprecis Sync="TRUE">0</atprecis><attscale Sync="TRUE">0</attscale></attr><attr><attrlabl Sync="TRUE">admin0Na_1</attrlabl><attalias Sync="TRUE">admin0Na_1</attalias><attrtype Sync="TRUE">String</attrtype><attwidth Sync="TRUE">50</attwidth><atprecis Sync="TRUE">0</atprecis><attscale Sync="TRUE">0</attscale></attr><attr><attrlabl Sync="TRUE">admin0Pcod</attrlabl><attalias Sync="TRUE">admin0Pcod</attalias><attrtype Sync="TRUE">String</attrtype><attwidth Sync="TRUE">50</attwidth><atprecis Sync="TRUE">0</atprecis><attscale Sync="TRUE">0</attscale></attr><attr><attrlabl Sync="TRUE">date</attrlabl><attalias Sync="TRUE">date</attalias><attrtype Sync="TRUE">Date</attrtype><attwidth Sync="TRUE">8</attwidth><atprecis Sync="TRUE">0</atprecis><attscale Sync="TRUE">0</attscale></attr><attr><attrlabl Sync="TRUE">validOn</attrlabl><attalias Sync="TRUE">validOn</attalias><attrtype Sync="TRUE">Date</attrtype><attwidth Sync="TRUE">8</attwidth><atprecis Sync="TRUE">0</atprecis><attscale Sync="TRUE">0</attscale></attr><attr><attrlabl Sync="TRUE">ValidTo</attrlabl><attalias Sync="TRUE">ValidTo</attalias><attrtype Sync="TRUE">Date</attrtype><attwidth Sync="TRUE">8</attwidth><atprecis Sync="TRUE">0</atprecis><attscale Sync="TRUE">0</attscale></attr><attr><attrlabl Sync="TRUE">Dist_Id</attrlabl><attalias Sync="TRUE">Dist_Id</attalias><attrtype Sync="TRUE">SmallInteger</attrtype><attwidth Sync="TRUE">4</attwidth><atprecis Sync="TRUE">4</atprecis><attscale Sync="TRUE">0</attscale></attr><attr><attrlabl Sync="TRUE">DistID_Old</attrlabl><attalias Sync="TRUE">DistID_Old</attalias><attrtype Sync="TRUE">SmallInteger</attrtype><attwidth Sync="TRUE">4</attwidth><atprecis Sync="TRUE">4</atprecis><attscale Sync="TRUE">0</attscale></attr><attr><attrlabl Sync="TRUE">Gov_Id</attrlabl><attalias Sync="TRUE">Gov_Id</attalias><attrtype Sync="TRUE">SmallInteger</attrtype><attwidth Sync="TRUE">4</attwidth><atprecis Sync="TRUE">4</atprecis><attscale Sync="TRUE">0</attscale></attr><attr><attrlabl Sync="TRUE">DistNameEn</attrlabl><attalias Sync="TRUE">DistNameEn</attalias><attrtype Sync="TRUE">String</attrtype><attwidth Sync="TRUE">254</attwidth><atprecis Sync="TRUE">0</atprecis><attscale Sync="TRUE">0</attscale></attr><attr><attrlabl Sync="TRUE">DistNameAr</attrlabl><attalias Sync="TRUE">DistNameAr</attalias><attrtype Sync="TRUE">String</attrtype><attwidth Sync="TRUE">254</attwidth><atprecis Sync="TRUE">0</atprecis><attscale Sync="TRUE">0</attscale></attr><attr><attrlabl Sync="TRUE">HRname</attrlabl><attalias Sync="TRUE">HRname</attalias><attrtype Sync="TRUE">String</attrtype><attwidth Sync="TRUE">50</attwidth><atprecis Sync="TRUE">0</atprecis><attscale Sync="TRUE">0</attscale></attr><attr><attrlabl Sync="TRUE">HRPcode</attrlabl><attalias Sync="TRUE">HRPcode</attalias><attrtype Sync="TRUE">String</attrtype><attwidth Sync="TRUE">6</attwidth><atprecis Sync="TRUE">0</atprecis><attscale Sync="TRUE">0</attscale></attr><attr><attrlabl Sync="TRUE">HRParent</attrlabl><attalias Sync="TRUE">HRParent</attalias><attrtype Sync="TRUE">String</attrtype><attwidth Sync="TRUE">4</attwidth><atprecis Sync="TRUE">0</atprecis><attscale Sync="TRUE">0</attscale></attr><attr><attrlabl Sync="TRUE">Shape_Leng</attrlabl><attalias Sync="TRUE">Shape_Leng</attalias><attrtype Sync="TRUE">Double</attrtype><attwidth Sync="TRUE">19</attwidth><atprecis Sync="TRUE">0</atprecis><attscale Sync="TRUE">0</attscale></attr><attr><attrlabl Sync="TRUE">Shape_Area</attrlabl><attalias Sync="TRUE">Shape_Area</attalias><attrtype Sync="TRUE">Double</attrtype><attwidth Sync="TRUE">19</attwidth><atprecis Sync="TRUE">0</atprecis><attscale Sync="TRUE">0</attscale><attrdef Sync="TRUE">Area of feature in internal units squared.</attrdef><attrdefs Sync="TRUE">Esri</attrdefs><attrdomv><udom Sync="TRUE">Positive real numbers that are automatically generated.</udom></attrdomv></attr></detailed></eainfo><mdDateSt Sync="TRUE">20151116</mdDateSt></metadata>
